spend,icac_mean,icac_lo95,icac_hi95,ltv_mean,icac_marginal_mean,icac_marginal_lo95,icac_marginal_hi95
0.0,,,,0.0,,,
612.3514347826087,131.38608032853833,106.5879798310994,165.7002343097262,969.9849382141531,132.6667618111826,103.8269777819012,161.79496868072957
1224.7028695652175,131.38633970952162,106.58933164876944,165.70023876443898,1939.9660443033547,132.6673732471569,103.82737943977808,161.79557350812644
1837.0543043478262,131.38677201032328,106.5915846628035,165.7002461889419,2909.93948625349,132.66890188918515,103.82838359029677,161.79708558509637
2449.405739130435,131.3873772296958,106.59473885007782,165.70025658323698,3879.9014322718676,132.6710420852695,103.82978941189778,161.79920250867957
3061.7571739130435,131.3881553658902,106.59879417821935,165.70026994732558,4849.84805089801,132.67379393266708,103.83159691545835,161.80192429470438
3674.1086086956525,131.389106416659,106.6037506056082,165.70028628122043,5819.775511114285,132.67715755643817,103.83380611496645,161.80525096351974
4286.4600434782615,131.3902303792542,106.60960808137878,165.70030558489913,6789.679982456629,132.68113310946123,103.83641702751217,161.8091825399966
4898.81147826087,131.3915272504274,106.61636654542195,165.70032785837586,7759.557635125232,132.6857207724458,103.83942967329757,161.81371905353055
5511.1629130434785,131.39299702643126,106.62402592838656,165.70035310164423,8729.404640095043,132.69092075395304,103.84284407563065,161.81886053804126
6123.514347826087,131.39463970301932,106.63258615168232,165.70038131469406,9699.217169226322,132.69673329041456,103.84666026092928,161.82460703196313
6735.8657826086965,131.39645527544528,106.64204712748291,165.7004124975312,10668.991395375157,132.70315864615782,103.85087825872006,161.83095857826552
7348.217217391305,131.39844373846404,106.6524087587292,165.7004466501484,11638.723492503825,132.71019711343197,103.85549810163819,161.83791522443266
7960.5686521739135,131.40060508632982,106.66397061816335,165.70048377254608,12608.409635791311,132.71784901243564,103.86051982542772,161.84547702247463
8572.920086956523,131.40293931279814,106.6767129536986,165.70052386471025,13578.046001743409,132.7261146913539,103.86594346894175,161.85364402893364
9185.27152173913,131.40544641112652,106.69001252109277,165.70056692664824,14547.628768302839,132.73499452638708,106.03626026722706,163.9625167676022
9797.62295652174,131.408126374071,106.69138524603314,165.70061295835316,15517.154114959725,132.74448892179387,106.0632917339245,163.96263093709604
10409.97439130435,131.41097919389117,106.69284643196472,165.70066195981562,16486.618222861016,132.754598309928,106.06697155456575,163.96275247243304
11022.325826086957,131.414004862345,106.69439605980982,165.70071393103194,17456.017274921032,132.7653231512859,106.07087448764842,163.96288137360324
11634.677260869566,131.41720337069302,106.70129697306193,165.70076887199906,18425.34745593073,132.77666393454837,106.07500054958736,163.96301764065933
12247.028695652174,131.42057470969752,106.73953880578013,165.70082678270762,19394.604952667447,132.78862117663465,103.72706541985116,161.60906862734643
12859.380130434783,131.42411886962054,106.75825375768356,165.7008876631563,20363.785954004765,132.80119542274971,103.76604643676981,161.61421999711828
13471.731565217393,131.4278358402267,106.76762230448385,165.7009515133346,21332.88665102148,132.81438724644354,103.92380741593244,161.72212522786165
14084.083,131.431725610781,106.77742623772616,165.7010183332394,22301.903237111223,132.82819724966663,103.92913933435422,161.72266738828316
14696.43443478261,131.43578817005172,106.78766550836178,165.70108812285952,23270.83190809116,132.8426260628303,104.00282837495428,161.74130106908086
15308.78586956522,131.44002350630683,106.79834006516968,165.70116088219072,24239.668862311504,132.85767434487153,104.07969021962025,161.75256822756268
15921.137304347827,131.44073140902833,106.80944985475632,165.7012366112238,25209.119852807427,132.8733427833219,104.1597295177928,161.76429582581608
16533.488739130436,131.44138182341678,106.8209948215574,165.70131530995326,26178.571849881788,132.88963209437006,104.24137245079065,161.77648393054793
17145.840173913046,131.44205678019733,106.83407501049207,165.7013969783691,27148.00918445146,132.90654302294135,104.24470979292097,161.72573965359305
17758.191608695655,131.44275627919788,106.84804330429415,165.70148161646264,28117.431313815767,132.9240763427706,104.38663684620326,161.8022419393796
18370.54304347826,131.44348032024044,106.86211981602105,165.70156922422575,29086.8376953126,132.94223285647814,106.6534908496498,164.04383447967604
18982.89447826087,131.44422890314019,106.8754010764336,165.7016598016468,30056.227786320145,132.96101339565521,106.69805826527289,164.05712768391896
19595.24591304348,131.44500202770692,106.88911707862172,165.70175334872158,31025.601044257815,132.98041882094566,104.40168909268301,161.7286312329473
20207.59734782609,131.44579969374365,106.90326775402029,165.70184986543575,31994.956926588016,133.00045002213213,103.89002621835026,161.17659123191336
20819.9487826087,131.44662190104725,106.9179498898946,165.70194935178029,32964.29489081736,133.02110791823077,104.74240843618314,161.87470099872226
21432.300217391305,131.44746864940782,106.94328730737865,165.70205180774485,33933.614394498174,133.04239345757986,104.80540624458527,161.89057587118026
22044.651652173914,131.44833993861027,107.01749465334274,165.70215723331998,34902.91489522959,133.06430761793936,104.83012715464614,161.73190839789396
22657.003086956523,131.4492357684328,107.07902333181204,165.70226562849297,35872.19585065913,133.08685140658807,105.11994207012273,161.92370938333224
23269.354521739133,131.45015613864683,107.08878917385088,165.70237699325236,36841.456718484245,133.11002586042795,105.12554812312897,161.94096821149483
23881.705956521742,131.46761906141347,107.10031012440639,165.7024913275889,37805.946137993444,133.1338320460889,103.69011113721069,160.425834524036
24494.057391304348,131.47586842403348,107.19740344760326,165.7026086314889,38772.89673555333,133.15827106003672,105.13720935187254,161.75988571635867
25106.408826086958,131.47684455732673,107.29716120877553,165.70272890493965,39741.92407023492,133.18334402868828,105.49397732518717,161.99551417023613
25718.760260869567,131.4778447892003,107.39117596004634,165.70285214792915,40710.929553322756,133.20905210852086,105.80798958587016,162.01461965930613
26331.111695652176,131.47886911939963,107.42996992033845,165.70297836044452,41679.91265263859,133.23539648619504,105.95755742870966,162.0341870787207
26943.463130434786,131.4799175476644,107.4697442364167,165.70310754247356,42648.87283606097,133.26237837867473,106.02069926606312,162.0542165397778
27555.814565217395,131.48297270877225,107.51042676492602,165.70323969400184,43617.15175809116,133.28999903335134,106.02789780758,162.07470815641224
28168.166,131.4863022701595,107.55201708935435,165.7033748150156,44585.292653026394,133.31825972817074,105.82248672402092,161.82476590422732
28780.51743478261,131.48970495148052,107.59451478406473,165.7035129055005,45553.35921779794,133.34716177176756,106.04278121882474,161.83646127149336
29392.86886956522,131.49318074900452,107.63791941431113,165.70365396544145,46521.349849435355,133.37670650359564,106.05046613399196,161.84840873388552
30005.22030434783,131.49488956049413,107.68223053625394,165.7037979948255,47489.92748407366,133.4068952940668,106.05831321997778,161.86757369999742
30617.57173913044,131.5083324137354,107.72744769697636,165.7039449936362,48454.15618630464,133.4377295446933,106.0487837415606,161.87306009349138
31229.923173913045,131.52233740694015,107.77357043450084,165.70409496185934,49417.97661729191,133.46921068822937,106.24617797346444,161.99975419488166
31842.274608695654,131.52936581267465,107.81276330469639,165.70424789947864,50384.26397408524,133.50134018882414,106.33649862878448,162.0678552326504
32454.626043478263,131.53653047914372,107.84478475700627,165.70440380647864,51350.394980253404,133.53411954216594,106.65346670625867,162.25529322953724
33066.97747826087,131.54383139406553,107.87741217075266,165.70456268284076,52316.366676825695,133.5675502756392,106.86063781244471,162.2799498071502
33679.32891304348,131.5514152256498,107.9106453222605,165.70472452855216,53282.11668708887,133.60163394848342,106.86706358828235,162.3050698243274
34291.68034782609,131.56117865600567,107.93779171053363,165.70488934359216,54246.85656918501,133.6363721519571,105.46912199304714,160.92627286937662
34904.0317826087,131.57031510697976,107.94416957241637,165.70505712794665,55211.7163411099,133.67176650949506,105.92684233530696,161.29287644392963
35516.38321739131,131.58924476813718,107.95065994836966,165.70522788159536,56172.260376148755,133.70781867688336,106.79082279131202,161.9817571530759
36128.73465217392,131.60397332145746,107.95726281912684,165.70540160452322,57134.35294691392,133.74453034243055,106.25291110119954,161.3430980439655
36741.08608695652,131.6127964169803,107.98412194781396,165.70557829671017,58098.837025871224,133.7819032271376,106.42042201971648,161.3464341457573
37353.437521739135,131.6268817338892,108.03438271176867,165.70575795813807,59060.83016581622,133.8199390848845,107.39852877979789,162.02668437957868
37965.78895652174,131.66044120357913,108.03824188530447,165.7059405887894,60013.73908533204,133.85863970260834,107.55414457683295,162.0421654323492
38578.140391304354,131.67345008143735,108.0421637527648,165.70612618864297,60975.677802547645,133.89800690049142,107.82204830435555,162.05789922001534
39190.49182608696,131.68320662245708,108.04614831139999,165.70631475768155,61938.956107690305,133.93804253215023,108.03936352964031,162.07388579149824
39802.843260869566,131.7094132393015,108.1105591303834,165.70650629588334,62894.23628782734,133.9787484848293,108.26040109070527,162.09012519653123
40415.19469565218,131.71825819893576,108.23560650144135,165.70670080323032,63857.55097928285,134.0201266796013,108.32652933417134,162.106617485621
41027.546130434785,131.7287248139365,108.33550310343585,165.70689827970006,64819.93872277638,134.06217907156645,108.35935452960881,162.12336271005537
41639.8975652174,131.73505556099076,108.33585372773754,165.70709872527397,65784.2389690443,134.10490765005636,108.3601115951765,162.14036092190665
42252.249,131.74254547014863,108.33620954458056,165.70730213993085,66747.85925633353,134.14831443884543,108.06398922033266,161.85225397174133
42864.60043478261,131.75830578315734,108.3365705538807,165.70750852364844,67707.12007571498,134.19240149636366,108.36165938462216,161.94532162800658
43476.95186956522,131.77535260019013,108.33701260856208,165.70771787640533,68665.4804943905,134.2371709159134,108.34084288043702,161.77703415899103
44089.30330434783,131.79519349271578,108.33858569558315,165.70793019817953,69622.11722364627,134.28262482588914,108.403784593111,161.9496751050464
44701.65473913044,131.81847568878675,108.34018051893602,165.70814548894992,70576.62331161203,134.3287653900033,108.7605443508216,162.25124452653986
45314.00617391305,131.8317725806416,108.3417970677007,165.7083637486932,71536.21030097356,134.37559480751835,108.40645411703773,162.01694844077835
45926.35760869565,131.8551134012718,108.37315728614024,165.7085849773868,72490.08163070361,134.42311531347247,108.36572520609079,162.00665974356946
46538.709043478266,131.86556510738893,108.39992950092682,165.708809175008,73450.79369642035,134.4713291789244,108.36657203137318,162.01943694136637
47151.06047826087,131.88205955509451,108.40574848856494,165.7090363415327,74407.94416634252,134.52023871119124,108.36743007737329,162.0484547337424
47763.411913043485,131.9080920615655,108.43546604744267,165.70926647693787,75359.40578164902,134.5698462540945,108.36829934428864,162.1108836602602
48375.76334782609,131.92105695871368,108.43617711144196,165.70949958119826,76318.05087511597,134.6201541882097,108.04006909680666,161.79149545746486
48988.114782608696,131.93690151138685,108.48776991443849,165.70973565429108,77274.8209778137,134.67116493112368,108.15886302065286,161.79341164416553
49600.46621739131,131.95594732089347,108.63115361714753,165.70997469619005,78229.46343473525,134.72288093768827,108.27924016853218,161.79550005099426
50212.817652173915,131.96750211128736,108.63326736217178,165.71021670687205,79188.32505902927,134.77530470028572,108.37188862459597,161.92375869149535
50825.16908695653,131.9786951596485,108.63540702577276,165.71836973956167,80147.23888092548,134.82843874909648,108.3728139987775,162.05366022604366
51437.520521739134,132.00394041303645,108.63830011199796,165.74975869797385,81097.3553679134,134.88228565237176,108.4087847403585,162.18520720808948
52049.87195652175,132.02374504174355,108.64199694613946,165.78152108248065,82050.4899719814,134.9368480167079,108.77664920891314,162.57093514974835
52662.22339130435,132.04954015904178,108.64573715469864,165.81365680460078,82999.57336000097,134.9921284873295,110.08782324439629,164.04133549315216
53274.57482608696,132.0753731994448,108.65491264367901,165.84616577483106,83948.26237361244,135.0481297483738,110.1317599190922,164.1451125831884
53886.92626086957,132.09610240721383,108.71747165081591,165.87904790264759,84899.86010781501,135.10485452317974,110.10182640340108,164.17423310499547
54499.27769565218,132.11706718095374,108.78641210989782,165.91230309650658,85851.00618523723,135.16230557458678,109.82234202284572,163.99086189517283
55111.62913043479,132.13030699383324,108.88376961698411,165.9459312638453,86806.924269407,135.22048570523083,110.0868559168975,164.25629563238823
55723.980565217396,132.1408978373904,108.96352420361426,165.979932311083,87764.41049469524,135.27939775785254,108.3806210015696,162.70705416082953
56336.332,132.15160509190486,108.98754850882295,166.01430614362167,88721.66597452719,135.3390446156038,109.70887935823707,163.99286194111602
56948.683434782615,132.18049715073667,109.04350681420104,166.04905266584743,89666.42786059002,135.39942920236433,109.79521166348944,163.993543360134
57561.03486956522,132.1908400908902,109.11129113221342,166.08417178113072,90623.49245687039,135.4605544830598,109.80076616383727,163.99423214776974
58173.386304347834,132.22153478315207,109.17793138970185,166.11966339182806,91566.30985671899,135.52242346398793,109.80638026097986,163.99492830403628
58785.73773913044,132.22818887169535,109.24525953471057,166.1555273992825,92525.50943084122,135.58503919314686,109.81205396099506,164.13126141054286
59398.089173913046,132.24460546893886,109.31327503074905,166.19176370382476,93477.7111894802,135.648404760571,110.1688407117059,164.5508796190292
60010.44060869566,132.2668379358971,109.38197733621637,166.2283722047745,94425.52511435215,135.71252329867025,110.17669101306385,164.71615827648563
60622.792043478265,132.29204111110778,109.451365904416,166.2653528004406,95370.87770043834,135.777397982577,110.18462220909579,164.77645651599022
61235.14347826088,132.31378162977745,109.52175115990924,166.3027053881229,96318.39098415457,135.84303203049447,110.19263431141135,164.87314717930002
61847.49491304348,132.33288763256024,109.59282932183203,166.34042986411265,97267.52953855885,135.90942870405638,110.15130548773588,164.89893481611665
62459.84634782609,132.3453635093516,109.62123390937171,166.36462180871646,98221.31449207108,135.9765913086844,110.20890128190358,165.0109398114265
63072.1977826087,132.39804512032998,109.63374632109775,166.3695470906153,99144.8027566138,136.04452319395853,110.21715617387679,165.0723571256398
63684.54921739131,132.42308474330923,109.64007922420716,166.37452028961877,100088.44462094299,136.11322775399083,110.57090165360316,165.54128776300908
64296.90065217392,132.43887961313067,109.64647026966315,166.3795414018326,101038.7820044531,136.18270842780097,110.59008935200403,165.6031781893119
64909.25208695653,132.45122992371503,109.72952824447468,166.38461042332577,101991.54532416633,136.25296869969898,110.6094629177582,165.7227558063419
65521.60352173913,132.46288494927916,109.75462040804047,166.3897273501307,102944.67139024402,136.32401209968205,110.62902241538917,165.72340581309572
66133.95495652175,132.47469172862841,109.77772710320993,166.39489217824362,103897.51010445575,136.3958422038259,110.52217777499673,165.8431799310856
66746.30639130436,132.50484243704,109.78445828326674,166.40010490362366,104835.66374556012,136.4684626346869,110.23750038218314,165.65178478928226
67358.65782608696,132.51875271736628,109.79125133194691,166.40536552219376,105786.35340874796,136.54187706171,110.2772078179409,165.72539246391648
67971.00926086957,132.5301150902988,109.7981062445837,166.4162924856805,106738.89556413013,136.61608920164332,110.24071880372556,165.7674127169561
68583.36069565218,132.5599404864322,109.80502301646791,166.4770165132691,107676.27516489063,136.69110281896207,110.16531248866333,165.82603561990155
69195.71213043478,132.6098657674007,109.81200164284839,166.53732002149582,108596.77201640402,136.76692172628793,110.23339839396195,165.88519831345855
69808.0635652174,132.64635179105952,109.82159528034462,166.5981213046389,109527.66835910166,136.84354978482608,110.30211799653979,166.31116163385042
70420.41500000001,132.67523784478522,109.88371037498393,166.65944889675518,110464.3822633609,136.920990904806,109.93118736655556,166.00514458668775
71032.76643478262,132.7004216353592,109.96516391211127,166.72130255402368,111403.79563491806,136.99924904592598,110.24902115757324,166.5127632074384
71645.11786956522,132.71242845995326,109.9845866452471,166.78368203063067,112354.00737781916,137.0783282178016,110.25072556900017,166.87658056848784
72257.46930434783,132.73976481818698,110.00343912335879,166.81452786699677,113290.96347967241,137.15823248043083,110.25244462838181,167.0527722410014
72869.82073913045,132.76220883072068,110.02350446951924,166.81881071221656,114231.74025767208,137.238965944657,110.87826341003122,167.9242811929941
73482.17217391304,132.7816525496071,110.04291383559045,166.8227424850582,115174.8050341765,137.3205327726414,111.52638434717565,168.8522333686214
74094.52360869566,132.81513314115887,110.04719001318563,166.82670712185032,116105.31823249543,137.40293717834257,110.8065842053515,168.30091965947437
74706.87504347827,132.8242801511683,110.08771921362684,166.83070462164542,117056.80364333041,137.486183428004,109.8627160768209,167.35589977938713
75319.22647826087,132.8629031142247,110.20025008309244,166.8347349834889,117981.9788110914,137.57027584064767,110.85325160922851,168.3597626040901
75931.57791304348,132.88658862319835,110.22925120321248,166.8387982064178,118919.98167692292,137.65521878857422,110.26306661709171,167.93371002097274
76543.9293478261,132.8956856278811,110.25848393437923,166.84289428946175,119870.80780084571,137.74101669786998,110.26488822499643,167.9429946180619
77156.28078260871,132.90774864533225,110.28794819956524,166.8470232316422,120818.80746218795,137.82767404892712,109.98953040575323,167.95235413665316
77768.6322173913,132.91490425780205,110.31876815075869,166.8511850319733,121771.1308820212,137.9151953769614,110.26857539640548,168.48390912069127
78380.98365217392,132.92293674455124,110.35008255763722,166.85537968946065,122722.54221725759,138.00358527254457,110.02512244450182,168.31777922899377
78993.33508695653,132.94077390557445,110.38163884677336,166.8596072031027,123664.71735096289,138.09284838214427,110.26482739276612,168.82949163567747
79605.68652173913,132.94876203733023,110.41343693194625,166.86386757188967,124615.87057159451,138.18298940866848,110.14436957879225,169.10744593505984
80218.03795652174,132.97942715507196,110.46148900767761,166.86816079480406,125545.4999513686,138.2740131120192,110.04823528273693,169.08501982358936
80830.38939130436,132.99277401014996,110.51959330330831,166.87248687082058,126491.1687255961,138.36592430965587,110.0560592805706,169.4577676674304
81442.74082608697,133.00207364100717,110.62145947951788,166.8768457989062,127440.52349148609,138.45872787716473,111.08140148920101,170.70875971939702
82055.09226086957,133.0121133305882,110.67866022579456,166.8812375780198,128389.0309234535,138.5524287488349,111.12385548472017,171.04840004511877
82667.44369565218,133.04199877939539,110.69781977050367,166.88566220711294,129318.09814759347,138.6470319182491,111.08904751703155,171.3081693776736
83279.7951304348,133.07210224535422,110.75045035923424,166.8901196851287,130246.54126076952,138.74254243887347,110.93429137627338,171.36763937300654
83892.1465652174,133.11962574021683,110.77042620002014,166.89461001100315,131157.39636730653,138.8389654246716,111.03304531589232,171.59091719347063
84504.498,133.157203587303,110.79054690975464,166.89771273372955,132077.46398342162,138.9363060506972,111.10073121117274,171.8818474889649
85116.84943478262,133.17044166723122,110.79897878122057,166.89966852524827,133021.32248102926,139.03456955373545,107.75536063512418,168.88059342774255
85729.20086956522,133.18483043307845,110.83153557322795,166.90163842828758,133963.83639794483,139.13376123292093,111.24672606065751,172.8283361680033
86341.55230434783,133.1876008356482,110.85177793106848,166.90362244263756,134917.91433686903,139.23388645037974,111.247979542691,172.98528017433813
86953.90373913044,133.1902286874555,110.9173908790605,166.90562056808733,135872.09798893356,139.33495063187726,109.80782451635675,171.96333922071412
87566.25517391306,133.22710743891227,110.93721975107184,166.90763280442422,136791.07550984918,139.43695926747742,109.83465384571275,172.0940865100574
88178.60660869566,133.24695930498785,110.9559735693241,166.90965915143414,137727.13460633424,139.5399179122042,110.00914237233752,172.7843244967706
88790.95804347827,133.3251036831104,110.97504765677995,166.91169960890127,138602.28420369833,139.64383218672074,109.88889068882067,172.78760325788562
89403.30947826088,133.33855926616945,110.99455868387322,166.91375417660853,139544.07630562191,139.74870777801743,110.17188591657958,173.45115468166472
90015.66091304348,133.35209344562867,111.08643478223942,166.91582285433765,140485.59646675456,139.8545504401027,110.6607065363153,174.15281273175606
90628.0123478261,133.36574562906827,111.19834377917006,166.9179056418681,141426.80135990557,139.96136599471095,110.18939197044165,174.1689373490345
91240.3637826087,133.38367770896323,111.25013288536039,166.9200025389786,142363.24605869604,140.06916033201708,111.25832893579035,175.58001899761695
91852.7152173913,133.44984188120014,111.25810170222002,166.92211354544582,143247.6536687847,140.1779394113639,111.38706901742236,176.08062931042414
92465.06665217392,133.47812414834084,111.26612358510502,166.92423866104505,144172.0788669295,140.2877092619954,110.97156301062662,175.9893513002594
93077.41808695653,133.50056750962284,111.27419852928878,166.9263778855505,145102.4606095819,140.398475983805,110.76253645559412,175.93646840608946
93689.76952173914,133.51215199879593,111.28235893034679,166.9285312187344,146044.4103389731,140.5102457480913,110.73340065746274,175.91273615259686
94302.12095652174,133.54049665400265,111.2899003889221,166.93069866036768,146967.74652710697,140.62302479832815,110.74580222247819,176.05831829677
94914.47239130436,133.58795717226965,111.29706839617093,166.93288021021968,147869.52937399253,140.73681945093892,110.75828551496645,176.67731955068265
95526.82382608697,133.6138733393155,111.30649128316507,166.93507586805845,148794.66267437488,140.8516360960932,110.82163009356194,177.0770799152098
96139.17526086957,133.67143443228147,111.31823807371359,166.93728563365033,149683.9996442431,140.96748119849826,110.78349735553095,177.4084267598647
96751.52669565218,133.67571689831607,111.32678272413024,166.93950950676017,150632.57641524935,141.0843612982217,110.26027083329146,177.239099303745
97363.8781304348,133.67788442718478,111.33538135955563,166.94174748715142,151583.4892194115,141.20228301150627,110.28996861632643,177.46175032882894
97976.22956521739,133.70993058536624,111.3440339749431,166.943999574586,152500.2735279258,141.3212530316175,110.29947250566072,177.68599552909427
98588.581,133.72595858441701,111.35274056521482,166.9462657688244,153435.0071123722,141.44127812967193,110.30903653186002,178.1824127568598
99200.93243478262,133.72949160774638,111.36150112526148,166.95431858382096,154383.94089004543,141.56236515551586,110.318660705292,179.0187691698184
99813.28386956523,133.8064178141646,111.3703156499427,167.0269274964911,155247.63396719572,141.68452103858664,110.32834503638409,179.3599238442042
100425.63530434783,133.85099653369383,111.37946444105381,167.036221699817,156148.0414446313,141.80775278880267,110.33808953562021,179.70607851382815
101037.98673913044,133.86103157968503,111.39060672238139,167.0455710320571,157088.38616368975,141.93206749745224,110.34789421354725,179.94032107259636
101650.33817391306,133.8768197657526,111.4147659958106,167.05412039324477,158021.8004131224,142.05747233811059,110.85753598764035,180.84610279840945
102262.68960869565,133.94615194982572,111.43906909527094,167.05965335968122,158891.4520005348,142.18397456755946,110.35463273449523,180.894052885912
102875.04104347827,133.99445993185128,111.45708956591845,167.06521948293368,159785.26983046054,142.31158152672174,110.35708485352296,181.25848126509635
103487.39247826088,134.0335484239722,111.49612350218992,167.08218239530166,160689.49779032049,142.4403006416124,110.35955164874423,181.71382148380127
104099.7439130435,134.08105093915555,111.52016736991865,167.3837701340627,161583.06475851143,142.57013942429703,108.39975157584144,180.03680656307202
104712.09534782609,134.1558240404998,111.52991013222577,167.58184292118565,162442.95955045486,142.70110547387335,108.815094726139,180.6889904412306
105324.4467826087,134.22776153906784,111.54753207467179,167.58679151680724,163305.34536575724,142.83320647745532,108.37349377565263,180.5941363442372
105936.79821739132,134.23419365346507,111.5700104152527,167.5917689029507,164246.92438200512,142.96645021118297,108.30095581973016,180.74796037067603
106549.14965217392,134.32290496132862,111.59261716307347,167.5967750784976,165087.2274806783,143.10084454123498,108.32942522061094,180.99492172095813
107161.50108695653,134.3754128599308,111.6153522855007,167.60170914061163,165971.1270428722,143.23639742486526,108.3580637499913,181.2453929181847
107773.85252173914,134.38940052316923,111.63873912207451,167.72655978778226,166902.1638795476,143.3731169114501,108.44407268797255,181.77550919699564
108386.20395652174,134.4723461970595,111.66229765891127,167.7499512356018,167746.93624103878,143.51101114354952,108.41584854450268,182.0759205875269
108998.55539130435,134.47381362638063,111.68598763083017,167.7546027373851,168692.81852997007,143.6500883579837,108.44499498605519,182.37837099938184
109610.90682608697,134.4817264252857,111.70980900362002,167.76118156890857,169630.54736053792,143.7903568869297,108.44564400579816,182.68286637777058
110223.25826086958,134.5483826661623,111.7337617428877,167.8197202375166,170493.6986954803,143.9318251590267,108.50379640265727,183.14369790499748
110835.60969565218,134.59388949658972,111.76085942902313,167.83413774705073,171382.91920654976,144.07450170050333,108.44670631382002,183.92302690349453
111447.96113043479,134.61434156626638,111.82084803460593,167.8486346164714,172303.6029740502,144.2183951363121,109.77076236440372,185.60990850508873
112060.3125652174,134.63563565895362,111.84744697094605,167.8632108372742,173222.92449405935,144.3635141912962,108.44778043227838,184.74002225221665
112672.664,134.65378755355266,111.87418904979751,167.87786640090866,174146.01954183512,144.50986769135156,108.4483219205218,185.3514085927887
113285.01543478262,134.6566316694096,111.9010742290067,167.91937226614363,175088.76703956857,144.65746456462986,108.17490451458933,185.4227536477643
113897.36686956523,134.6753974147914,111.92810246620515,167.9528365433798,176010.66386962117,144.80631384272934,108.44941375512256,186.2264152386513
114509.71830434783,134.72840069289043,111.95527371880968,168.00579489777908,176887.34088429727,144.95642466193337,108.2603596980163,186.76399756892198
115122.06973913044,134.7906918035178,111.97578625240665,168.0590301053786,177751.08008128635,145.1078062644459,108.30344896287009,187.4890741358302
115734.42117391306,134.82799501216306,111.98832745769386,168.08673784506394,178647.1239763163,145.26046799965323,108.45107365287909,188.29069889087768
116346.77260869567,134.87750020300106,112.03110783983274,168.16931605124822,179526.4296160744,145.41441932539942,108.39035176483189,188.93938760277732
116959.12404347827,134.9280835669909,112.06553297245378,168.22402506575253,180403.6484957337,145.56966980928658,109.99910019176514,190.80525344961276
117571.47547826088,134.95543763949186,112.09327370752635,168.2722616424697,181311.41323584862,145.72622912998412,110.19803253742569,191.67775699232627
118183.8269130435,135.0067669482131,112.12130214633649,168.2807593321971,182186.45278185548,145.8841070785679,110.02975294424033,192.04316638038048
118796.17834782609,135.0251660655495,112.14947329648292,168.29773600787567,183105.4676103333,146.04331355986855,110.0452012172457,192.90196798460497
119408.5297826087,135.05011552826403,112.16789284059418,168.32008149257788,184015.30819473264,146.2038585938465,108.54752921990307,192.01881177948135
120020.88121739132,135.08790233153277,112.17444933992229,168.34254057759463,184907.24217061175,146.3657523169841,110.68174846491375,194.82781411033415
120633.23265217393,135.10516017860937,112.17610185343315,168.3651132433158,185826.9041152894,146.5290049836939,110.97991298540744,195.65184825480324
121245.58408695653,135.1447606033037,112.2073459464199,168.4667343227407,186715.46317178485,146.69362696775673,110.43747591060384,195.82852837264954
121857.93552173914,135.17549519717187,112.23448117843647,168.57199438822286,187615.80424236768,146.85962876377155,108.45679858572483,194.9261011986992
122470.28695652176,135.20387976583456,112.29102479952093,168.67775641656328,188519.01164011288,147.0270209886276,107.61494897720198,194.57872878159384
123082.63839130435,135.25410237097057,112.34796430782252,168.78377833546753,189391.25067991292,147.19581438300415,107.68264113377154,195.11067221432828
123694.98982608697,135.27328627101207,112.37997474627957,168.78777283827736,190306.5046189378,147.36601981288402,107.75069962270622,195.83791108990866
124307.34126086958,135.3124281061949,112.39837616772675,168.79111439265196,191193.29230190744,147.53764827109413,108.45917124582775,197.27660117649805
124919.69269565218,135.33900566100226,112.39929441909423,168.79447222631015,192097.40028418147,147.7107108788651,108.4597717940175,197.89157579357948
125532.04413043479,135.39068189127937,112.40021711517296,168.84306622944155,192965.37602316344,147.88521888741596,108.99332433864248,199.12624818332148
126144.3955652174,135.40985921848056,112.40442159814864,168.99093536153723,193879.20768410384,148.0611836795603,108.9990575703122,199.53160824360376
126756.74700000002,135.43238711338296,112.43122193702996,169.1515060105529,194787.96174177036,148.23861677133664,108.09650239588645,199.18057822650982
127369.09843478262,135.50022424801753,112.4584802295384,169.25729176854423,195630.97620445717,148.41752981366568,108.16676811782654,199.88500610583705
127981.44986956523,135.53245467164567,112.48638103365275,169.40301273162146,196524.76391831326,148.59793459401484,108.23740327374664,200.5945437616689
128593.80130434784,135.54152042328707,112.50774428734555,169.5975822577233,197451.86620980612,148.7798430381162,108.30840831616617,201.3092185945111
129206.15273913044,135.60053171742288,112.51738957866073,169.7234628072776,198305.77609539632,148.96326721168472,108.37851006094652,202.02905820327933
129818.50417391305,135.646610500807,112.5379629255464,169.7527489995317,199177.93062656844,149.1482193221697,106.94736009030923,201.20638568116613
130430.85560869567,135.67134914425924,112.53954842619471,169.80916010330057,200080.9611052383,149.33471172053527,106.97359529328344,201.7831846915193
131043.20704347827,135.69115602557125,112.55007664146052,170.107100445282,200990.96348021214,149.52275690306257,106.99995828410147,202.36383109936355
131655.55847826088,135.71283122854385,112.57811700948032,170.11347562049843,201897.9230209613,149.71236751317636,107.02644912414411,202.94834227092693
132267.9099130435,135.72619918777013,112.60628514665115,170.2251565166424,202817.00566171244,149.90355634330476,108.46720874148433,204.9056310490706
132880.2613478261,135.77992994331015,112.6350337814897,170.361005251855,203675.3422569842,150.09633633676063,108.46784768558572,205.32502303864095
133492.61278260872,135.80570477525862,112.66471361662379,170.37590570135745,204575.10417566058,150.2907205896558,108.46848958341745,205.74693692883832
134104.9642173913,135.83641108760543,112.68158439172993,170.38907741695797,205467.0658581998,150.48672235282464,108.46913443507138,206.4923026822088
134717.31565217391,135.86298243067495,112.71834551048848,170.4023085847799,206364.90531572956,150.68435503382494,108.46978224060457,207.37551087208251
135329.66708695653,135.90624542720053,112.75272952968909,170.41559919374188,207236.93482495687,150.88363219889192,108.47043299996524,207.99173273373455
135942.01852173914,135.9429128372838,112.78183638417215,170.6762241603521,208118.50827070943,151.08456757499258,108.47108671322745,209.05686039944584
136554.36995652175,135.98265424117469,112.79963090726282,170.9870899504443,208994.88273535797,151.28717505186958,108.47174338048823,210.13060576336738
137166.72139130437,136.03266353063415,112.80176244340424,170.99581600191112,209854.9017879028,151.49146868412782,108.47240300168443,211.2130292510661
137779.07282608698,136.0771676013742,112.80390349674066,171.00458043151744,210722.81444489968,151.69746269335343,109.11333170092318,212.67114847873492
138391.42426086956,136.10814472686278,112.80605406700644,171.1913638674604,211611.18835720755,151.9051714702434,109.37837087181725,213.46581237587492
139003.77569565218,136.1479941360895,112.8082141539348,171.26058563717027,212485.31312850985,152.1146095768245,109.3828541348315,214.51298005900665
139616.1271304348,136.17021866479706,112.81038375725765,171.26991675630708,213386.53591302078,152.32579174861112,109.13230371453176,215.08426891128119
140228.4785652174,136.18245481444382,112.81256287670617,171.27928818955291,214303.18532313456,152.5387328968855,108.4757454187257,215.25374301080424
140840.83000000002,136.19966536226258,112.81475151200974,171.28869992798639,215211.80829095648,152.75344811096227,109.0189584075962,216.72551259994938
141453.18143478263,136.22654450652686,112.81694966289707,171.3789751404157,216104.86402460208,152.96995266049493,109.05426812575644,217.55475871476287
142065.53286956524,136.26591236375558,112.81915732909535,171.69687756181648,216977.67816888215,153.1882619978297,109.08973872380865,218.38979696694116
142677.88430434783,136.31742547967986,112.82137451033097,171.99299232238758,217830.58239966183,153.40839176036386,109.1253703026826,219.4851885911998
143290.23573913044,136.35096086970958,112.82360120632889,172.04403405524343,218711.67239478213,153.63035777298836,109.16116296374322,220.51830059657277
143902.58717391305,136.3776827193218,112.82583741681287,172.04944040973908,219603.29811159038,153.8541760505037,106.88406663693196,218.98200184933648
144514.93860869567,136.39966364684727,112.8280831415057,172.2933677407387,220502.23961483332,154.07986280014364,106.92032859702874,219.6413035864806
145127.29004347828,136.4226000967272,112.83578708288458,172.61488313904928,221399.34146248223,154.3074344240674,106.95675281094861,220.30476910888967
145739.6414782609,136.45767704293868,112.8445245665058,172.69032581473502,222276.36522084428,154.53690752192065,106.99333938503187,220.97241755572765
146351.9929130435,136.4869820632535,112.85329856070256,172.77221134548955,223162.37316815683,154.76829889345484,107.0300884260942,221.97855052211537
146964.3443478261,136.50966326915932,112.86210906197951,172.93672136028866,224058.87464826764,155.0016255411434,107.06700004142314,223.27498983877138
147576.6957826087,136.53659861820796,112.87095606682706,173.318521691172,224948.06651414244,155.23690467288736,107.1040743387902,224.58218161145052
148189.04721739131,136.58042030668602,112.87983957172129,173.62435013162485,225808.98921621812,155.47415370467468,107.79026131963494,226.11501609247776
148801.39865217393,136.61625587172995,112.88904278241036,173.75870718630395,226682.60606811146,155.71339026339035,107.82035807594447,227.2291490634033
149413.75008695654,136.6389248727496,112.89834170163765,173.88438640294888,227577.6934155946,155.95463218960214,108.4862158185103,228.87400831776472
150026.10152173915,136.66980335277867,112.90767849418245,174.01054072295446,228458.76037433272,156.197897540387,108.6710922430762,230.0246653704409
150638.45295652174,136.7429018416438,112.91705315619217,174.07399266356344,229268.6196652422,156.4432045921939,108.48766210002647,230.92767298699917
151250.80439130435,136.76677858843516,112.92646568379894,174.07476642157195,230160.4174982434,156.69057184383215,108.4883896730714,231.83681729969598
151863.15582608696,136.79758355721333,112.93591607311949,174.07544473568578,231040.20311320643,156.9400180193782,108.48912020097266,232.7521326319527
152475.50726086958,136.82124161159197,112.95012519379188,174.18890193965035,231931.70582207578,157.19156207121569,108.48985368378516,234.02495730075708
153087.8586956522,136.88261767719712,112.99242677775678,174.4538802561593,232758.74682915956,157.44522318308051,108.0346726047637,234.60141481510104
153700.2101304348,136.92779611093988,112.9999790978996,174.52628305241862,233612.6761123314,157.70102077317958,108.06580942652,235.53545148297474
154312.56156521742,136.99183099336082,113.00756135508006,174.5374746536204,234433.77181987246,157.95897449734392,108.09707657956314,236.47579880702577
154924.913,137.02261106318963,113.0155403304411,174.54728080486245,235311.191657257,158.2191042521974,108.12847413670981,237.42249228876145
155537.2644347826,137.12148654585056,113.03179889342866,174.5571254032021,236070.93820869262,158.481430178439,108.16000217106841,238.37556766918593
156149.61586956523,137.2282629226156,113.0481206277954,174.56700844410395,236815.93486793194,158.74597266411502,108.19166075605881,239.33506093032202
156761.96730434784,137.2628825221592,113.06450552226815,175.02324483624906,237684.65896025248,159.01275234797734,108.22344996540956,240.3010082964617
157374.31873913045,137.3122046885527,113.08095356553217,175.27411087775508,238527.40540543088,159.2817901228554,108.25536987314726,241.29675534121654
157986.67017391307,137.39879490772793,113.09746474623054,175.30104180840576,239304.6214833079,159.55310713912925,108.49658800770086,242.70599409691465
158599.02160869568,137.44411844888316,113.11403905296457,175.40963632175402,240152.93864072755,159.82672480822848,108.31960208140372,243.40159197982342
159211.37304347826,137.49422137391878,113.13067647429399,175.67594473437916,240992.3204317219,160.10266480614803,108.3519145315038,244.2597468224008
159823.72447826088,137.5143792763456,113.14827970663605,175.91199204203647,241883.7524300449,160.38094907710044,108.38435797914482,245.27773335213163
160436.0759130435,137.5424041616675,113.18652926046222,175.91374663188566,242761.03721117968,160.66159983712865,108.41693249988286,246.44596294927612
161048.4273478261,137.57354604267846,113.26096648519948,175.91434700534535,243632.4419628522,160.94463957787167,108.4496381695701,247.65455191108964
161660.77878260872,137.58624875945432,113.33566546554835,175.91494965594157,244536.2218818215,161.23009107029463,108.48247506436168,248.87190485732256
162273.13021739133,137.60503456169408,113.41132002750476,176.029730208575,245428.98517630107,161.5179773685255,108.50199131240443,250.1413048254628
162885.48165217394,137.6201654542888,113.41662116515636,176.1868437953444,246328.0462870111,161.80832181375953,108.5027750352459,251.4993165157545
163497.83308695653,137.7152892885357,113.41950096017364,176.32442487953554,247083.3062403678,162.1011480381837,108.50356171377302,252.86764846019605
164110.18452173914,137.76367835422613,113.42239130532997,176.39850048500125,247921.6004058621,162.39647996902602,108.16698100611752,253.83010183112307
164722.53595652175,137.84916988057626,113.44979632909373,176.46491907449325,248692.35253845731,162.69434183253887,108.20865608959338,255.09213734756887
165334.88739130436,137.94186185495354,113.4768507126855,176.8190488337676,249449.12571558106,162.9947581582092,108.25049718817843,255.96135253842115
165947.23882608698,138.00205879672944,113.47711535271473,177.0788520382318,250263.7952901862,163.29775378292365,108.29250442401258,257.2442742755501
166559.5902608696,138.01907366197565,113.47738097065312,177.1306559145649,251156.31180571846,163.6033538552205,108.33467791976217,258.5364632402579
167171.94169565217,138.03199241341744,113.47764756649613,177.4160263897423,252056.08782848157,163.91158383957477,108.37701779851837,259.8379801634795
167784.2931304348,138.06115811546212,113.47791514023866,177.42499473337458,252925.92985552194,164.22246952088693,108.41952418392015,261.1488862146765
168396.6445652174,138.09032992091014,113.47818369187641,177.68324803106822,253795.38912405027,164.53603700882846,108.46219720006553,262.4692430045367
169008.996,138.09286380398345,113.47845322140422,178.05106031500299,254713.60766580584,164.85231274241067,108.76186402812384,263.8408841932819
169621.34743478263,138.11277117611692,113.47872372881751,178.38405326983482,255599.63824536547,165.17132349458421,108.51159107028404,264.76389285196797
170233.69886956524,138.12165756974946,113.47917178216186,178.80654673081622,256505.87582041285,165.4930963768983,108.5912172811453,265.84905629731554
170846.05030434785,138.13489758513282,113.47985343984251,179.12657890747275,257403.88334802462,165.81765884422978,108.51323241398293,266.77268453472243
171458.40173913044,138.17549745265663,113.48303351768806,179.23124609459856,258250.57532564664,166.14503869955274,108.5140575201602,267.7620261315254
172070.75317391305,138.2186310810248,113.49073639105052,179.32856095626178,259092.02219958915,166.47526409890625,108.51488558265277,268.7574573278523
172683.10460869566,138.2533537033678,113.49133388982072,179.44376984014465,259948.7516370496,166.80836355627045,108.51571660145741,269.7590097277971
173295.45604347828,138.2862541130708,113.49210601482528,179.54729645061212,260808.48952908406,167.14436594863616,108.5165505766357,270.76671512995097
173907.8074782609,138.31600764142425,113.55030155624776,179.65008435803415,261673.77327184516,167.48330052109455,108.51738750822395,271.97396704177123
174520.1589130435,138.3837792526923,113.57391679411641,179.75796199023569,262466.55850726186,167.82519689204602,108.79025076731905,273.64379611337404
175132.51034782612,138.4136270991985,113.59285162708379,179.86830932048406,263330.70592538326,168.17008505847517,108.7934613828886,274.8087160753811
175744.8617826087,138.42820622831977,113.61185145846024,179.97661692386356,264223.6035164761,168.51799540125435,108.5199160419926,275.93590327686326
176357.2132173913,138.44822238992816,113.63717860468594,180.29608528418885,265105.90714515984,168.86895869064054,108.52076479975435,277.2083978544031
176969.56465217393,138.48808606580724,113.64902018100301,180.4689464632985,265949.8383463991,169.22300609173203,108.80316108686823,279.13762565094135
177581.91608695654,138.5476161706913,113.6673671079192,180.6614385923706,266755.4155098624,169.58016917012594,108.80641694287151,280.60134465488375
178194.26752173915,138.66685466769303,113.66915339878703,180.67256313789377,267445.08924288524,169.94047989756933,109.16773039168548,282.3236625834589
178806.61895652176,138.71571445321706,113.6701885060215,180.89982198850996,268269.65234346874,170.30397065774326,108.81296259091208,283.56032158003944
179418.97039130438,138.76580560048006,113.67122716042147,181.3401763269391,269091.17820439074,170.6706742521449,108.81625238429679,285.0557196397021
180031.32182608696,138.82453792568924,113.67226936194804,181.78452586617374,269895.3465710563,171.0406239060258,108.52591943740413,286.0169472315697
180643.67326086957,138.896113563754,113.67331985492955,182.09278732612182,270673.8019767028,171.4138532744948,108.52678889266372,287.26398485383396
181256.0246956522,138.92132042334234,113.67481134905164,182.3705655608279,271542.0608575643,171.79039644856513,108.52766130493202,288.51907063811376
181868.3761304348,138.9453542933557,113.68478464483486,182.64714497736853,272412.3045714542,172.1702879614887,108.52853667420655,289.78225110617564
182480.7275652174,138.9630525883727,113.69680528376033,182.91516272342483,273294.70665570593,172.55356279506407,108.52941500054,291.05357307986645
183093.07900000003,138.9984648247923,113.69724860221118,183.06994843036904,274141.9443954545,172.74675673330563,108.52985490476263,291.6926784572444
