spend,iroas_mean,iroas_lo95,iroas_hi95,ltv_mean,iroas_marginal_mean,iroas_marginal_lo95,iroas_marginal_hi95
0.0,,,,0.0,,,
792.624652173913,2.247627662085163,1.7193308981199886,2.8431413528800613,1781.5250938767178,2.256387936579861,1.7293858207563624,2.8447907800532595
1585.249304347826,2.247620502886364,1.7193307690540167,2.8431342238539483,3563.0388386385193,2.2563598868257126,1.729378753707921,2.844756682406075
2377.873956521739,2.2476085711144,1.7193305539441226,2.843122342597063,5344.52988570797,2.2562897736849337,1.7293610862311908,2.8446714403316484
3170.498608695652,2.2475918671082913,1.719330252790571,2.8431057097891377,7125.9868875825,2.2561916467506626,1.7293363521681089,2.844552107148802
3963.123260869565,2.2475703913427227,1.71932986559369,2.8430843263814873,8907.398498372055,2.2560655374197385,1.7293045519229113,2.844398688578236
4755.747913043478,2.2475441444278594,1.7193293923537458,2.8430260933375764,10688.75337433588,2.2559114859655587,1.7292656860153892,2.8442111919741917
5548.372565217391,2.2475131271093756,1.7193288330713041,2.842631293166907,12470.040174419606,2.2557295414681513,1.7292197550807549,2.843989626323502
6340.997217391304,2.2474773402684214,1.719328187746897,2.8421759217368696,14251.247560792068,2.255519761729364,1.7291667598696838,2.8437340022449185
7133.621869565217,2.2474367849214736,1.7193274563810725,2.8416600505873517,16032.364199381162,2.2552822131734866,1.729106701248341,2.843444331987918
7926.24652173913,2.247391462220363,1.7193266389746524,2.841083760710762,17813.37876041037,2.255016970733678,1.729039580198168,2.8431206294314357
8718.871173913043,2.247341373452148,1.7193257355283575,2.840447142519847,19594.279918934077,2.2547241177248023,1.728965397816003,2.842762910082543
9511.495826086955,2.2472865200389815,1.7193247460431327,2.839750295811845,21375.056355372253,2.2544037457031063,1.7288841553139953,2.842410209090689
10304.12047826087,2.2472269035380608,1.719323670519878,2.8389933297289236,23155.69675604529,2.254055954313334,1.7287958540196229,2.842285661911088
11096.745130434781,2.2471420186326485,1.7193225089597097,2.838176362715001,24935.962252657228,2.253680851123912,1.728700495375561,2.8421529709472715
11889.369782608695,2.2471181298939036,1.7193212613636755,2.8372995224689275,26716.818391512737,2.253278551450905,1.7285980809395802,2.8420104602228164
12681.994434782608,2.247109227502908,1.719319927733066,2.836362945894097,28497.826717540524,2.2528491781713793,1.7284886123846892,2.8418581317081717
13474.61908695652,2.247099750924271,1.719318508069152,2.835366779044512,30278.813194099428,2.2523928615269067,1.7283720914989633,2.841695987509361
14267.243739130434,2.2470513755482795,1.7193170023733215,2.834311177067349,32059.229669295622,2.2519097389180267,1.7282485201854207,2.841524029867859
15059.868391304346,2.2467635219078685,1.7193154106470407,2.833979824701012,33835.962946315936,2.251399954690446,1.728117900461994,2.84134226116074
15852.49304347826,2.2464526234481115,1.719313732891873,2.833736740210321,35611.87458571467,2.250863659913602,1.7284221497704273,2.8411506839004197
16645.117695652174,2.2462641929479026,1.7193119691094334,2.8336370151573873,37389.33186714698,2.250301012152639,1.728177347875988,2.839484600150101
17437.742347826086,2.245875322433542,1.719310119301443,2.8335477682292103,39162.99521793694,2.2497121752345004,1.7276837727349594,2.8372563732780662
18230.367,2.245792454602551,1.7193081834697235,2.833454378057416,40941.62065323534,2.249097319008838,1.7303506323314117,2.836575181816425
19022.99165217391,2.2457578813017145,1.719306161616153,2.833356845701123,42721.03342880627,2.248456619104714,1.7273591543629152,2.8315385114389002
19815.616304347823,2.2457196793497647,1.7193040537427018,2.8332551722662354,44500.31949311796,2.247790256683902,1.727079293797427,2.831462904372046
20608.24095652174,2.245606178042575,1.7193018598514116,2.8331493589054095,46277.99321055524,2.2470984181913773,1.7302935023445265,2.8343514752828014
21400.86560869565,2.2451628801711063,1.7192995799444506,2.8330394068180107,48048.4290681739,2.2463812951039754,1.730272905075065,2.833550300779436
22193.490260869563,2.245045257056269,1.719297214024022,2.8329253172500755,49825.39004768971,2.2456390836779456,1.7302515308956856,2.8327192124613774
22986.114913043475,2.244923386809245,1.7192947620924182,2.8328070914942662,51602.06694017606,2.2448719846959806,1.729728611336835,2.8318582456225556
23778.73956521739,2.2447298234419257,1.7192922241520594,2.832684730889836,53376.84586590197,2.244080203214684,1.7290545736271739,2.831038628937584
24571.364217391303,2.2444744673687405,1.719289600205395,2.8325582368225715,55149.79961435267,2.2432639483127668,1.730182747289632,2.8309911089117037
25363.988869565215,2.2442108121575575,1.7192868902549925,2.832427610724763,56922.13806052219,2.2424234328411807,1.7329826413710805,2.8325133497730803
26156.613521739127,2.2438440471408923,1.7192840943034844,2.8322928540751406,58691.3615441193,2.241558873175197,1.732921676391669,2.8307470851488645
26949.23817391304,2.243474931428982,1.7192812123536003,2.832153968398836,60459.94026428286,2.2406704889694797,1.72214647233735,2.815060535129348
27741.862826086955,2.2432446687110614,1.7192782444081531,2.832010955267319,62231.78588473314,2.2397585029163487,1.7235051380585595,2.814234683499471
28534.487478260868,2.2427466224117323,1.7192751904700239,2.8319044844692365,63995.62541411944,2.238823140508001,1.724821469115124,2.81350377822438
29327.11213043478,2.242575891803188,1.7192720505421941,2.831857576227458,65768.27463992187,2.2378646298031035,1.7207020980854892,2.806185587015676
30119.736782608692,2.2424005364192574,1.719268824627721,2.8317659573066765,67540.51391812856,2.2368832011979465,1.72003220236612,2.8044542007338933
30912.361434782608,2.242236905084747,1.7192655127297434,2.8315829331319837,69312.83763238804,2.2358790872028753,1.7295204091327747,2.8122486672251767
31704.98608695652,2.24205249312173,1.7192621148514928,2.831129853987652,71084.24310065062,2.2348525222241555,1.7186399324410502,2.798003979100031
32497.610739130432,2.241863473587608,1.7192586309962776,2.828032470015389,72855.2064949249,2.2338037423516774,1.7179176155186795,2.796569040529171
33290.23539130435,2.241509054264786,1.7192550611674833,2.8273432532735168,74620.36404821472,2.232732985152586,1.7150811986675762,2.792440360206001
34082.86004347826,2.240982487582592,1.7192514053685888,2.8244372160217663,76379.09248416322,2.2316404894714075,1.7149809609429099,2.791853617389876
34875.48469565217,2.240870289505871,1.7192476636031533,2.823902622589787,78151.43748660365,2.230526495236466,1.7137449880625297,2.7912532390495954
35668.10934782608,2.2405480119761383,1.7192438358748152,2.823355997256061,79916.11149021925,2.2293912432731817,1.6622362231413916,2.7380299731598257
36460.734,2.2401414988042125,1.7192399221873167,2.8227973573895455,81677.20331026171,2.2282349751238444,1.6619575907740582,2.7365045139665014
37253.35865217391,2.2398493025380493,1.7192359225444491,2.822226720727824,83441.90939427153,2.2270579328746467,1.6668071502601265,2.7404941610276836
38045.98330434782,2.2397277282805756,1.7192318369501185,2.821641326132002,85212.64375644765,2.225860358989402,1.66544858073253,2.7363119614765026
38838.60795652174,2.239703782986279,1.7192276654082859,2.821018356937996,86986.97716614272,2.224642496150214,1.6590219515849824,2.730695446958947
39631.232608695645,2.2396793447445456,1.7192234079230315,2.820382889718744,88761.25308046213,2.2234045871054486,1.6665371237670072,2.7330491866206046
40423.85726086956,2.2396544136024694,1.7192190644984777,2.819901212312516,90535.47032914273,2.2221468745242543,1.6787306416166388,2.7378101883666943
41216.48191304348,2.239628989608099,1.7192146351388615,2.819810624154558,92309.62774211008,2.220869600858378,1.676339014554415,2.7359023354298415
42009.106565217386,2.2396030728104286,1.7192101198484842,2.819718312527838,94083.7241494816,2.2195730082106504,1.6662504584473865,2.72882215328967
42801.7312173913,2.23952916646308,1.7192055186317479,2.819624279428037,95855.72543646113,2.2182573382102655,1.666151207787351,2.730154870303778
43594.35586956522,2.23880370472542,1.7192008314931229,2.8192856287121026,97599.20542590096,2.2169228318948644,1.6660501100789844,2.72939717935904
44386.980521739126,2.238224366498865,1.71919605843717,2.818013881719597,99348.021359067,2.2155697295989976,1.6659471657718825,2.728699400931532
45179.60517391304,2.237447408324777,1.719191199468522,2.816720669234318,101086.99050550842,2.214198270849089,1.665078069995353,2.72865698363249
45972.22982608695,2.237382631471566,1.7191862545919139,2.8156090590531906,102857.46854290602,2.2128086942648797,1.6657357391993486,2.7286138164876093
46764.854478260866,2.236208291420764,1.719181223812147,2.815114393976996,104575.95533137239,2.2114012374664482,1.6656272578735027,2.7285698995441123
47557.47913043478,2.2358269010786254,1.7191761071341216,2.814583307099558,106330.29118731138,2.209976136987862,1.6655169318279661,2.728525232850245
48350.10378260869,2.235692431214363,1.7191709045627976,2.8126413954684626,108095.9610752072,2.208533628196076,1.6644577780622214,2.7284798164553052
49142.728434782606,2.235565357394746,1.7191656161032336,2.8118537294506796,109861.78125665773,2.2070739452154484,1.6566784341099137,2.7237130257890527
49935.353086956515,2.235453185429035,1.7191602417605785,2.8110089845038804,111628.14412376053,2.205597320858112,1.6504874916714627,2.71919284888223
50727.97773913043,2.234963742530007,1.7191547815400505,2.8068470028975354,113375.19097882582,2.204103986558813,1.658937198251742,2.7313091292302403
51520.60239130435,2.234655613437268,1.719149235446944,2.8047241887503964,115130.80334139778,2.2025941723153726,1.6555174620875164,2.7282906548759627
52313.227043478255,2.2345241597299097,1.7191436034866625,2.8039738283048212,116895.16970208823,2.2010681066335938,1.650076872816527,2.720366641944679
53105.85169565217,2.233690158179515,1.7191378856646693,2.802257182838157,118622.01827431915,2.1995260164767374,1.6646930395545638,2.7376572938452313
53898.47634782608,2.2332343340137033,1.719127791309366,2.800732177147933,120367.92793099073,2.197968127219685,1.6645679740800858,2.733937268061837
54691.100999999995,2.2325117760670734,1.7187325848048822,2.7991820374465988,122098.52702857368,2.196394662606755,1.6589039485208588,2.728089502222801
55483.72565217391,2.231475789970612,1.7183318361774824,2.797611412439186,123810.59053019749,2.1948058447140837,1.649032937110043,2.7175110203116617
56276.35030434782,2.2314608481945157,1.7179255551071866,2.7965855969939177,125578.47238343168,2.193201893915395,1.6487042865444792,2.7172564282157765
57068.974956521735,2.2310426765366027,1.7175137513989192,2.7942581008690546,127323.3186341986,2.1915830288513374,1.64837106344131,2.71699825736178
57861.599608695644,2.230855958431613,1.7170964349819215,2.792634209425281,129080.89425144298,2.1899494664025916,1.6639150578611819,2.740733492906841
58654.22426086956,2.2307142099839328,1.7166736159091502,2.7921615091500662,130840.81153430606,2.188301421665644,1.6588681998010486,2.734022723927893
59446.848913043475,2.2302190882929303,1.7162453043566754,2.7918285622601013,132579.49718473537,2.1866391079320757,1.6550115625206132,2.731315467363828
60239.473565217384,2.229263538386451,1.7157609936818574,2.7914912458458843,134289.66199053358,2.1849627366703532,1.6508024777567556,2.7292816593608507
61032.0982173913,2.2288438809728692,1.714810586382494,2.7911495638437427,136031.01865476777,2.1832725175104155,1.6500150205834956,2.7276512380634585
61824.722869565216,2.227407397925375,1.7147047303118519,2.790803520239117,137708.8450943557,2.1815686582308405,1.6482450726844817,2.7275930850634182
62617.347521739124,2.227244360685937,1.7143735720955111,2.790453119066443,139464.13414890497,2.1798513647482602,1.6493195583922358,2.727534183387448
63409.97217391304,2.226947863441362,1.713919386721917,2.790087699901652,141210.70205357185,2.1781208411088566,1.6477766608036148,2.7242408625079264
64202.59682608695,2.2267752814748984,1.7134597903462456,2.7897042236522926,142964.7556188292,2.1763772894822764,1.6451669243011224,2.723114545936056
64995.221478260864,2.2263896930040206,1.711793840423201,2.789204679835189,144704.69119371352,2.174620910156803,1.6404958502663334,2.7238553086049393
65787.84613043477,2.2261975380528742,1.7104903644515643,2.7888190224184686,146456.7410893752,2.17285190153713,1.620490243473725,2.708492157653083
66580.4707826087,2.226073800885292,1.7104038798692698,2.788440747430745,148213.04165977385,2.1710704601428765,1.6172973874811447,2.7058812139157595
67373.0954347826,2.225403116415249,1.710316741282581,2.7880580679639406,149932.2965431072,2.1692767806093927,1.609401625860201,2.7053885123081187
68165.72008695651,2.224972405244854,1.7102289595554248,2.787148862158585,151666.84617712308,2.1674710556893535,1.584102668606505,2.682427374245492
68958.34473913044,2.224407626744725,1.7101697797759272,2.785229338038153,153391.4679654137,2.165653476255956,1.5781683626516667,2.6834797580489607
69750.96939130434,2.223520037621728,1.7097340082805992,2.783615184136181,155092.67808510503,2.16382423130732,1.5981117308816692,2.7038761700954126
70543.59404347825,2.223191033194397,1.7092205206490805,2.7835712327461746,156831.88572676652,2.1619835079716183,1.589776170720981,2.703616487334756
71336.21869565216,2.2225096033435054,1.7071551398734217,2.7835156052438808,158545.43111729945,2.160131491513588,1.5968461804556284,2.712379328511645
72128.84334782608,2.2216338316773308,1.704654727506121,2.778795430699427,160243.8786212848,2.158268365341654,1.583340683440909,2.7031875136309793
72921.468,2.2212559220241648,1.7021358593822498,2.7787927468912925,161977.2426376956,2.156394311016096,1.5830474627691444,2.7052629059125906
73714.0926521739,2.2209877411283507,1.699598785840044,2.7772411669130097,163718.0961288777,2.154509508257626,1.576346773951741,2.702315366242942
74506.71730434783,2.22028868189588,1.6970437575087585,2.7762856102578106,165426.42115605937,2.1526141349568775,1.5812321987318967,2.709798541231237
75299.34195652173,2.218914492047101,1.6944710252555157,2.7744285204316386,167082.80110893637,2.1507083671844582,1.5794980756517845,2.7100759705658106
76091.96660869564,2.2180468403435976,1.6924728835218787,2.77437488323183,168775.54611194792,2.1487923792013426,1.5732433685063825,2.704629972480461
76884.59126086957,2.2164999929950415,1.6919645235402134,2.774320686958311,170414.69599114405,2.146866343469876,1.5617560734723952,2.6994606323355868
77677.21591304347,2.2149665963595635,1.6914804055756498,2.774265931691283,172052.4385456008,2.1449304306653296,1.5642138831417327,2.7035383543396847
78469.84056521738,2.2138488713328703,1.6900175834411042,2.774188383914373,173720.3679689768,2.142984809687385,1.5537775055555159,2.697893238100022
79262.46521739129,2.213070679160144,1.6894330901391084,2.774086546843283,175413.43773055944,2.141029647672394,1.546904160579757,2.6973153687973195
80055.08986956521,2.2120643077680833,1.6883477780507667,2.7729031018893457,177087.00695563148,2.1390651100055433,1.5426392764656924,2.697814750869526
80847.71452173912,2.2105484022613062,1.6880804931796913,2.7717028011371587,178717.7861625086,2.1370913603336166,1.5381680831142575,2.696939520492492
81640.33917391303,2.2096975630859976,1.6878489465059339,2.7701509389632366,180400.45852210996,2.1351085605774855,1.5408481966256034,2.7072281176330364
82432.96382608695,2.2086246299522383,1.6876152189825917,2.7674545437456137,182063.47422625753,2.1331168709451074,1.5221139518180564,2.6968006959646686
83225.58847826086,2.2075815709026374,1.6873793128448984,2.7630647056795383,183727.2753521356,2.131116449944741,1.5538058257463945,2.7294673311126303
84018.21313043477,2.2062117039135574,1.6871412303477418,2.761837303773098,185361.96515026892,2.1291074543977784,1.5202339179499234,2.697756717141516
84810.8377826087,2.205406538092287,1.6868847429544513,2.761797766443854,187042.3761468496,2.127090039452089,1.5438827603311438,2.7269672816276227
85603.4624347826,2.2042584074208857,1.686361000276408,2.761720117329439,188692.15177620755,2.125064358595389,1.5198372287675568,2.705333559870752
86396.08708695651,2.202637096247588,1.6858327889988889,2.7606852782920566,190299.2263883676,2.123030563668279,1.5165913957657864,2.704944092743773
87188.71173913043,2.2018605042337853,1.6856262957875268,2.7606639356026896,191977.3807934159,2.1209888048777286,1.5006305587051685,2.692872925752198
87981.33639130434,2.2014306352923714,1.6854675254017868,2.7601760468882164,193684.80926578096,2.118939230810405,1.4989914008330487,2.6962936630557692
88773.96104347825,2.200462946150371,1.685356912655054,2.7588801218644563,195343.8118591704,2.1168819884457664,1.497608031389717,2.7037546169224527
89566.58569565216,2.19983732448193,1.685003562673449,2.7575740967650666,197031.91823970492,2.1148172231695535,1.489513086958823,2.7033511071163616
90359.21034782608,2.1990207082067785,1.6846377399921386,2.756181740515822,198701.77473208177,2.112745078786782,1.4946645511492136,2.713539075699856
91151.83499999999,2.1983607023075367,1.6842688891025774,2.754106038795533,200384.61200722068,2.1106656975351488,1.4919129738437817,2.714786460290668
91944.4596521739,2.197720186579941,1.6838970149722359,2.753432622413983,202068.19502176752,2.1085792200978677,1.4848876911994608,2.7132510757657258
92737.08430434782,2.197159916191209,1.6829254503711606,2.7520851419249874,203758.204377958,2.10648578561685,1.4898230283635456,2.7247418653186912
93529.70895652173,2.196961329065012,1.6816292581764065,2.750727741488689,205481.15369618376,2.1043855317057534,1.4871076387573225,2.7246538238727
94322.33360869564,2.1964049566249026,1.6803244961251318,2.7493022436523322,207170.04105856677,2.1022785944626783,1.4815114612892444,2.7245650369792145
95114.95826086956,2.1943314635166047,1.6781519667159388,2.747861667485264,208713.74556289468,2.1001651084830564,1.4731489546962706,2.7239609278326498
95907.58291304347,2.1929862606074906,1.6776384179422161,2.74642749782098,210324.01161637803,2.0980452068725,1.4606375409575776,2.711959233802105
96700.20756521738,2.192025871669941,1.676655702304492,2.74500866037571,211969.35677880986,2.0959190212590757,1.4551787823981357,2.710740024296882
97492.83221739129,2.1907366290932586,1.6763207257331845,2.7435799388156217,213581.11861268245,2.0937866818062445,1.4480224739790515,2.7110880857865993
98285.45686956521,2.1897608300451195,1.6759832167854443,2.742061204455521,215221.64361606294,2.0916483172249705,1.4581451365322238,2.728049415427762
99078.08152173912,2.1888574737023614,1.6756431800936167,2.7376468279853583,216867.7992189505,2.0895040547863726,1.4566824695916978,2.7269098016146813
99870.70617391303,2.1885052462081678,1.6743204675320467,2.736573582288747,218567.56440412308,2.087354020333718,1.4505081967341198,2.7257616760389
100663.33082608695,2.1875104707608326,1.6703085824407582,2.73549281384945,220202.0902037269,2.0851983382946324,1.4418599774707985,2.724605053636594
101455.95547826086,2.186148007869254,1.6700237153623112,2.73440454564521,221797.73495527168,2.0830371316933527,1.4494083300192813,2.738922974947684
102248.58013043477,2.1853668053609625,1.6694277691597488,2.7333088007782878,223450.65291234263,2.0808705221624537,1.446254225826351,2.7422946663911034
103041.2047826087,2.1843492190433995,1.667403752633656,2.7329186763414297,225077.97519618232,2.078698629954781,1.4357253691944436,2.742045765661146
103833.8294347826,2.1840497883112615,1.6660111111305533,2.731696893344613,226778.25319658458,2.07652157395542,1.3928191246970698,2.703964027075102
104626.45408695651,2.18313771047587,1.6634719569082936,2.7302046894387786,228413.95743060697,2.074339471693118,1.3872167182383777,2.702651301307867
105419.07873913043,2.1817930267749,1.6633378233183687,2.728952555875671,230002.6108820689,2.0721524393520414,1.3790138803623222,2.702624392781729
106211.70339130434,2.1801279330404357,1.663221636027061,2.727856189222668,231555.10137918819,2.069960591783381,1.3674066583070612,2.7025972815335706
107004.32804347825,2.179742342751604,1.6631250528278734,2.727719194751984,233241.86469405243,2.0677640425164565,1.377166409141168,2.7230431478129447
107796.95269565216,2.1786722011452193,1.663043735468683,2.727655147042599,234854.22420618357,2.065562903770444,1.373011083042627,2.722941703882327
108589.57734782608,2.177571911472966,1.6629618278542193,2.7275307894207175,236461.6135113471,2.063357286465318,1.3626449278882546,2.722839516382521
109382.20199999999,2.1768428117540695,1.6628793302004246,2.7250538087833696,238107.86015753157,2.0611473002333716,1.3535807138911196,2.723845425315943
110174.8266521739,2.176229302266932,1.6615835424931604,2.7244337556138074,239765.68613264058,2.0589330534299797,1.3364668592832345,2.7152746719027903
110967.45130434782,2.175945095890475,1.6567587781560091,2.7238079521659904,241459.08146916074,2.056714653144751,1.3292100606202126,2.7137904099333525
111760.07595652173,2.1755465047338713,1.6519811609812307,2.7231531352677596,243139.24261600286,2.0544922052126733,1.3212028964432818,2.7122965999393784
112552.70060869564,2.1748046735486835,1.6480608308104712,2.722946244908706,244780.13930431704,2.0522658142246852,1.3105585766433023,2.710793264283467
113345.32526086956,2.1744671259649797,1.6477805200718505,2.7217980718263166,246465.6836615689,2.050035583538575,1.2998966841393553,2.7092804254518796
114137.94991304347,2.173846430042655,1.6473161879912321,2.7211548080748367,248118.37495085693,2.0478016152899507,1.2892740156667912,2.7077581060536886
114930.57456521738,2.17339461311813,1.6471398214083224,2.7204912127407987,249789.491642615,2.045564010402568,1.277818897774523,2.702350515659049
115723.19921739129,2.172338469890038,1.6468520750636224,2.7198151081053505,251389.95751868782,2.043322868599125,1.2706881019377931,2.7046851166037413
116515.82386956521,2.1716277875450585,1.64572136439669,2.719134769911134,253029.00080385362,2.0410782884117635,1.265104765690566,2.70313449237824
117308.44852173912,2.1706576643119573,1.6435428293451015,2.7184078764507564,254636.4828722577,2.038830367192665,1.2572583987353596,2.702196442928397
118101.07317391303,2.1697331727702185,1.6415802631441467,2.717270595964315,256247.81620520202,2.0365792011241726,1.253165584407924,2.7060938347978833
118893.69782608695,2.1687764698781224,1.6389111778430987,2.7161268205777858,257853.85426201706,2.034324885229345,1.244733568348238,2.7044205721764456
119686.32247826086,2.167617330001452,1.636763726989298,2.7149765718883527,259434.14676802052,2.0320675133824095,1.2363199807495278,2.7027375080723743
120478.94713043477,2.1663080210751886,1.6344932822408833,2.7138198715803403,260994.50953935442,2.0298071783186793,1.2279254738118084,2.7010446688164507
121271.57178260869,2.165593423718682,1.6322444705348447,2.712656741424239,262624.9183364454,2.027543971644831,1.2257656287669931,2.7020436618451242
122064.1964347826,2.1634899630617728,1.6300286446605035,2.712186680831482,264084.66383585276,2.0252779838492874,1.2111962506694738,2.6976971419936717
122856.82108695651,2.162268921731835,1.629965080519651,2.711989298481155,265649.48605909443,2.023009304311938,1.202862778890676,2.6972423341940726
123649.44573913043,2.1621855742592695,1.6299100809883338,2.7117868379691052,267353.04784230207,2.0207380213142914,1.1945508766845307,2.6967846858337055
124442.07039130434,2.161120196745663,1.6263074662856358,2.710679723562524,268934.27164749324,2.0184642220496123,1.1847372946348855,2.696324198879381
125234.69504347825,2.16036245506999,1.6225518854005903,2.70859856295901,270552.3332440701,2.0161879926325654,1.1746000519212316,2.695860875309876
126027.31969565216,2.1598613505137463,1.6209406302851563,2.7064834812632292,272201.5369194789,2.0139094181092703,1.1645119106293578,2.6953947171153345
126819.94434782608,2.1594960702806114,1.620331303746333,2.7043591004154655,273867.17145233625,2.0116285824670155,1.154473418798716,2.694925726297413
127612.56899999999,2.1590123277672224,1.6187421008527028,2.7036082605343714,275517.1096490453,2.0093455686442208,1.1444851050946454,2.6944539048701017
128405.1936521739,2.157847333755454,1.6163013221101723,2.7035569455839195,277078.8047626962,2.0070604585397893,1.1254755466082997,2.6835845257660935
129197.81830434782,2.1570700747341363,1.6161980538266234,2.702886377732761,278688.7475852469,2.004773333023061,1.11816907209203,2.682539078370837
129990.44295652173,2.156678329047802,1.61477109487193,2.7012856237445653,280347.57130765496,2.0024842719435174,1.1102644488680369,2.682327986137551
130783.06760869564,2.156434664438479,1.6110745343939803,2.700224783787287,282025.14051299245,2.000193354140035,1.1023848837650405,2.6821156251664604
131575.69226086955,2.1547655282093077,1.6093692416300973,2.6999150100894314,283514.7660339979,1.9979006574506892,1.0945308551534936,2.6819019958638535
132368.31691304347,2.1542039399075446,1.607737277421461,2.6996034528873354,285148.34981300874,1.9956062587220154,1.0856361837495854,2.681687098637184
133160.9415652174,2.1528534163158897,1.6060436833121683,2.6992901137371708,286675.98796851886,1.9933102338186595,1.0760123391194725,2.68147093389706
133953.5662173913,2.151348110917672,1.6025001596948159,2.698967032723368,288180.75163247,1.9910126576326928,1.0664422315070397,2.681253502056421
134746.1908695652,2.15023555153636,1.6023428463191767,2.698602830967692,289736.05004184315,1.9887136040927595,1.0569262254586818,2.6810348035305367
135538.81552173913,2.1496574220642146,1.600505669143519,2.698236654786772,291362.0207640989,1.9864131461736736,1.0474646684678532,2.680814838737234
136331.44017391303,2.1489537488459796,1.5984889428201163,2.6976664462523683,292969.95944730175,1.98411135590546,1.160059994079802,2.8011304865136992
137124.06482608695,2.1483379392245032,1.5974207811895866,2.6973806789594725,294588.83084656287,1.981808304382541,1.1517482536391128,2.7999573713715904
137916.68947826087,2.147514042863515,1.5958647378993687,2.6970933284711256,296178.027399812,1.9795040617730688,1.1434663883117366,2.7987781154388927
138709.31413043477,2.1465580498395367,1.5935080651855038,2.6968875658337286,297747.5948344058,1.9771986973278417,1.1352148234728645,2.797592729681554
139501.9387826087,2.1459313144386307,1.5895185217960086,2.696606666008091,299361.5788585008,1.9748922793893773,1.1269939737190384,2.7954032068585093
140294.56343478258,2.1451670470954385,1.5877437254081834,2.6962254590411048,300955.27436693624,1.9725848754010937,1.1188042429495795,2.793956968202451
141087.1880869565,2.144549000369187,1.582016874149294,2.695934256180856,302568.388176782,1.9702765519160201,1.1127852193752688,2.793999903868013
141879.81273913043,2.143801039012983,1.5794472159464414,2.6955738985296867,304162.0899651153,1.9679673746058506,1.105614887679053,2.7927901094661536
142672.43739130432,2.143177943187923,1.5780996713853206,2.6951920180479814,305772.4209179033,1.965657408269886,1.0984650520188382,2.791820148661884
143465.06204347825,2.142102225291212,1.5746592169168958,2.6948485340551485,307316.8286548765,1.963346716843624,1.0913360785609427,2.791678929261508
144257.68669565217,2.1405694405879654,1.5707098836689037,2.694503253263374,308793.5957106261,1.9610353634076474,1.0827974989684321,2.7915369370839187
145050.31134782606,2.140218986476272,1.5668570196099754,2.6941561773819642,310439.4303409121,1.958723410196477,1.0742769846167448,2.791394172288136
145842.936,2.139866799595536,1.564725051144695,2.6938073081282967,312084.45670193655,1.9564109186068934,1.0623791794811837,2.787684352032727
146635.5606521739,2.139113987985595,1.5632992029448372,2.6934566472277917,313670.17892717535,1.954097949206929,1.054451685562924,2.787582676123293
147428.1853043478,2.1381424495803567,1.562239573795323,2.6931041964138918,315222.46126382495,1.9517845617441834,1.0465584786568627,2.7874804541090725
148220.80995652173,2.1370669766615897,1.5581536239756617,2.692749957428043,316757.79821211594,1.9494708151543645,1.034821904801305,2.7828940333345145
149013.43460869565,2.136543520682448,1.5541582611212226,2.692393932019672,318373.68820784637,1.947156767569916,1.0272096043370595,2.7816299801653486
149806.05926086954,2.1352338471625876,1.5536103853026761,2.692053081784552,319870.9682438531,1.9448424763282417,1.0148708701341604,2.77799372257698
150598.68391304347,2.1341065027569277,1.5529126305715315,2.691965652501966,321393.63064546126,1.9425279979801358,1.0090730005182706,2.779083972035835
151391.3085652174,2.1337790654557636,1.5500538408033602,2.6913124173021266,323035.6049084147,1.9402133882980788,1.003288077079361,2.7778020405049233
152183.93321739128,2.1334219241027874,1.5460394051089448,2.6909520014276276,324672.53962217696,1.9378987022846224,0.9975163726020071,2.7776527241523468
152976.5578695652,2.1323863039242994,1.5455800870226282,2.6905870704258716,326205.1168225438,1.9355839941803257,0.9913594875868625,2.7776411675159807
153769.18252173913,2.1318240417480747,1.543911434211047,2.689006606652101,327808.8401797913,1.933269317472129,0.9833020350900483,2.777629550910774
154561.80717391302,2.131431016153865,1.5379926524960208,2.686418629948028,329437.8297232712,1.9309547249014474,0.9752880507743384,2.7776178743361584
155354.43182608695,2.1311619733525236,1.5322064103112507,2.686136983496047,331085.45749954355,1.9286402684719905,0.9673177187629562,2.7776061377932137
156147.05647826087,2.130733556119929,1.5287115648536438,2.685853968101282,332707.77292758424,1.9263259994580588,0.9593912134005507,2.7775943412835318
156939.68113043476,2.130565425714347,1.5252826296729127,2.685569584833223,334370.2585391386,1.9240119684122565,0.9515086993936279,2.7775824848082493
157732.3057826087,2.1298377068768115,1.5220920710608385,2.6852838347661105,335944.2124484234,1.9216982251734038,0.9436703319505853,2.777570568368617
158524.93043478258,2.129365823017997,1.519997100911863,2.6849967189789163,337557.5689641315,1.9193848188745033,0.9358762569229668,2.7775585919643504
159317.5550869565,2.128579987679612,1.519947198345364,2.684708238555335,339120.1594441398,1.9170717979502896,0.9281266109456112,2.777546555597553
160110.17973913043,2.1278887194105085,1.5180641609697663,2.6844183945837785,340696.6453296846,1.9147592101451625,0.9204215215765998,2.777534459270271
160902.80439130432,2.1273097095357745,1.5178342854372786,2.684127188157362,342290.09807315713,1.9124471025207017,0.9349735084156237,2.796839787888416
161695.42904347825,2.126532298795314,1.5176457176824139,2.683834620373891,343850.5524285224,1.9101355214632676,0.927140231991757,2.79557982739874
162488.05369565217,2.125788536069977,1.5174614278038725,2.6835406923358587,345415.2417945402,1.90782451269162,0.9186452147418152,2.7943144365553394
163280.67834782606,2.1248825578971067,1.5172765183886012,2.6832454051504286,346952.2654629034,1.905514121264448,0.9102090484005032,2.793043625961218
164073.30299999999,2.124085582831777,1.5170909919236975,2.6829487599294275,348505.73742988973,1.9032043915876078,0.9018317155701823,2.7917674062566675
164865.9276521739,2.123502925525984,1.5126791835525553,2.682650757789336,350093.27968894655,1.9008953674216746,0.8634737678172542,2.759703212232864
165658.5523043478,2.1229178806994478,1.5060739944425285,2.682351399851272,351679.5027776846,1.8985870918892822,0.8573480127648736,2.759460384810666
166451.17695652173,2.1225936779665764,1.5013164891561253,2.682281182196138,353308.2158980089,1.8962796074821668,0.8512494604327117,2.759216421432882
167243.80160869565,2.122188433701622,1.501120928819215,2.68224736057797,354922.86138226266,1.8939729560686365,0.7481481172262932,2.661908507410601
168036.42626086954,2.1214498848216676,1.5004802564213287,2.6822133823877494,356480.8571369663,1.8916671789005637,0.7422396835182212,2.661680065624637
168829.05091304347,2.1196684762872344,1.4969472165094995,2.6821792476818014,357861.61710187077,1.889362316620414,0.7362716917766079,2.661450570052125
169621.6755652174,2.1190467439904737,1.4934297188150385,2.6821449565166677,359436.25931668235,1.8870584092685156,0.7303377467365522,2.661220021061297
170414.30021739128,2.1183944926672056,1.4899169098184202,2.682065035805217,361004.71505225747,1.884755496289803,0.7244379110207717,2.661087615123563
171206.9248695652,2.117682969586521,1.484839332196764,2.6816678874306326,362561.98907155724,1.8824536165407921,0.7179688183950077,2.66098254344854
171999.54952173913,2.116829512747259,1.4805902871956558,2.6812690418125062,364093.72260685114,1.8801528082964605,0.7111802804546414,2.660876989770884
172792.17417391302,2.115953731321687,1.4777904517273042,2.6808685008922684,365620.2456864781,1.8778531092571447,0.7069435997672997,2.6629521050019775
173584.79882608695,2.1149483003959926,1.4758158895363973,2.680466266618493,367122.87525181286,1.8755545565549945,0.7011807131901548,2.6623199415280965
174377.42347826087,2.1142459328745575,1.4722810988435444,2.6800623409468702,368676.75837405736,1.8732571867610122,0.6954521640761016,2.6616850861352646
175170.04813043476,2.1138261325400185,1.4687791386579385,2.6796548210994864,370279.0253764058,1.8709610358914308,0.689757981707487,2.6610475414987036
175962.6727826087,2.1128527790386595,1.4644500225498993,2.6792391537688305,371783.22219580505,1.868666139414213,0.684098190132886,2.6604073103034693
176755.29743478258,2.112060711719362,1.4616995722057298,2.678808680080613,373317.91930027446,1.866372532255959,0.6783711949024109,2.6602335499928245
177547.9220869565,2.110976575104253,1.4582005451647795,2.678351341545331,374799.50448400015,1.8640802488078425,0.6725897397628273,2.660124624474065
178340.54673913043,2.110507077495759,1.454279559602743,2.6773782169798857,376388.9860973979,1.8617893229323912,0.6659376892075102,2.660015217578575
179133.17139130432,2.110114258890393,1.4522977045448353,2.6770559864541976,377991.45919304783,1.8594997879696376,0.6590160608454312,2.659905329385822
179925.79604347824,2.1097198763164027,1.4512640594658228,2.676757222511242,379593.02817497717,1.8572116767433429,0.6521553929034951,2.6597949599758977
180718.42069565217,2.109303976280591,1.4492112184031338,2.676642536011562,381190.08336048777,1.85492502156742,0.7186016849438772,2.7326288484646284
181511.04534782606,2.107074494256412,1.446665962762654,2.676222076920628,382457.2940782233,1.8526398542519131,0.7132670819633233,2.732243207773024
182303.66999999998,2.1054167352099102,1.444120825801984,2.675799940386041,383825.19770818483,1.8503562061090755,0.7079604083974402,2.7318559523742465
183096.2946521739,2.105289963138083,1.4402253901890043,2.6754515562977152,385470.7914189948,1.8480741079596064,0.7025189561880438,2.7314670832070647
183888.9193043478,2.1049664376327932,1.4362597614123314,2.675108336611949,387080.0033882172,1.8457935901384703,0.6955603336065224,2.731076601213829
184681.54395652172,2.1039902494219813,1.432305384402727,2.674486479614787,388568.16773271875,1.843514682500809,0.688659573346257,2.7306845073406976
185474.16860869565,2.103706844092229,1.4283623121570206,2.674051507572433,390183.277904429,1.841237414427901,0.6173848588492774,2.6644241905433432
186266.79326086954,2.103116475558945,1.4244305958130374,2.6736148443098076,391740.7617564666,1.8389618148330185,0.6120596138156031,2.664124160165443
187059.41791304346,2.1025686666696473,1.4205102846759217,2.6731764919235297,393305.27090942813,1.8366879121669668,0.6067706517310967,2.6638228956538796
187852.0425652174,2.102050643812822,1.4166014262443065,2.672724205162076,394874.5070157688,1.834415734423968,0.6015179092267147,2.6635203975786226
188644.66721739128,2.1008566908451423,1.411574869422293,2.6714879129533893,396315.4113159118,1.8321453091473452,0.5963013190514914,2.6632166665118007
189437.2918695652,2.1006505916472302,1.406551377307874,2.6713807480554084,397941.5592458512,1.829876663434795,0.5911208101596799,2.662911703027021
190229.91652173913,2.1003315072773194,1.402924773969034,2.671273146892104,399545.88729734294,1.8276098239444243,0.5859763077986315,2.6626055077007322
191022.54117391302,2.100061702606114,1.3994839852558925,2.670903794934152,401159.1230538343,1.8253448168996949,0.5808677335948005,2.662298081111942
191815.16582608694,2.0997875903810646,1.3960507967952442,2.6704866885454646,402771.1048485034,1.823081668095119,0.5757950056388097,2.661989423841362
192607.79047826087,2.098996205527972,1.3926819878547958,2.6700419799113297,404283.02136899624,1.8208204029016082,0.5707580385704887,2.6616795364718087
193400.41513043476,2.098406221588277,1.3893402603569203,2.669595619180618,405832.6343674598,1.8185610462718285,0.5657567436619217,2.6613684195888823
194193.03978260868,2.097693569519185,1.385724532291659,2.6691476084833035,407357.4907973616,1.8163036227451657,0.5607910288998994,2.6610560737801165
194985.66443478258,2.096972788196073,1.3826458582965235,2.668697949955859,408879.6324080699,1.8140481564533464,0.6026960081345862,2.7072730398630824
195778.2890869565,2.0962112753445417,1.3792773832643968,2.6682437399196406,410392.65705174144,1.811794671125156,0.550965955827877,2.6604276977453196
196570.91373913042,2.0950104517596713,1.3759570504290781,2.667785284042047,411818.11879542697,1.8095431900918149,0.5453055662159727,2.6601116687057242
197363.53839130432,2.0943216691608626,1.3739901812822999,2.6673832992225064,413342.73515517043,1.8072937362920105,0.5393095614869878,2.6597944131122517
198156.16304347824,2.0932108597651977,1.3720237075033066,2.6673208157977144,414782.6324120118,1.8050463322765706,0.5499072821957043,2.6755754932453897
198948.78769565216,2.092822372534923,1.370056472745609,2.6672553768590817,416364.4738781615,1.802801000213727,0.5454133934006791,2.6750775702611804
199741.41234782606,2.0922663062647517,1.3680885219615355,2.6663761596920184,417912.2270210906,1.8005577618939246,0.5409486908784515,2.674577783747395
200534.03699999998,2.0913810036935208,1.3661198997956807,2.6654204966630357,419393.0755757736,1.7983166387344187,0.5363289961119051,2.6740761351480273
201326.6616521739,2.090727663873506,1.3641506505846528,2.6647285469604154,420919.22099150135,1.7960776517842831,0.5317133477006166,2.6735726259127546
202119.2863043478,2.0897259621982873,1.3621808183568618,2.664463667123879,422373.92005118437,1.7938408217290949,0.5130683582680717,2.659053811128615
202911.91095652172,2.088768149333259,1.360210446832334,2.6639969292312973,423835.9367263289,1.7916061688953724,0.5084870925547875,2.6575393310080244
203704.53560869565,2.087438953705778,1.3582395794225717,2.663528564806229,425220.78267613694,1.7893737132555902,0.5036203509154973,2.6564406695089815
204497.16026086954,2.0861404189988435,1.3552328552629118,2.6630585760634413,426609.791590684,1.787143474432318,0.4986946699064845,2.656135277626788
205289.78491304346,2.085185361369078,1.3510417892741569,2.66257102397552,428067.25433928485,1.7849154717029516,0.49494827375684736,2.6565545294917
206082.4095652174,2.084262468133398,1.3468695075949442,2.6620789496148896,429529.8315992778,1.782689724004153,0.49050322745159747,2.656223821795436
206875.03421739128,2.0840326834637275,1.3427159588637347,2.661444302204802,431134.3327017204,1.7804662499363089,0.48609190601339947,2.655891894873264
207667.6588695652,2.0830739424874625,1.338581090746282,2.6610348610412626,432587.0888885666,1.7782450677677013,0.4817141732927439,2.655629511699317
208460.28352173913,2.081275078086488,1.3344648499658425,2.6606233802770474,433863.1928646391,1.7760261954389716,0.47736989117763073,2.65550187472536
209252.90817391302,2.080013533786751,1.3303671823328311,2.6601424780495457,435248.88098597527,1.7738096505674616,0.4873326400345661,2.6690040814316944
210045.53282608694,2.078775725766727,1.3262880327739333,2.6596599629908866,436637.55494460766,1.7715954504510767,0.4830697927455674,2.6679116418872013
210838.15747826087,2.0787218440069655,1.3222273453606714,2.659175837369197,438273.88350024144,1.7693836120729625,0.4788383483350742,2.667385919885646
211630.78213043476,2.0785558804750526,1.3181850633374352,2.6589707971598737,439886.4066867499,1.7671741521051265,0.474638186394003,2.6668583565408994
212423.40678260868,2.078067114818782,1.3141611291489896,2.6589208214110753,441430.09605271206,1.7649670869127267,0.4704691847003062,2.6663289533708507
213216.03143478258,2.0768951512924696,1.3101554844674566,2.6588706617591233,442827.34186472266,1.7627624325582525,0.46633121927538923,2.665797711899131
214008.6560869565,2.0763525359054884,1.3061680702187801,2.6588203182362853,444357.4157718777,1.7605602048051283,0.46222416443987413,2.665264633653237
214801.28073913042,2.0758045741600455,1.3021988266086892,2.6587697908749424,445885.481093723,1.7583604191219315,0.4581478928682543,2.6647297201658375
215593.90539130432,2.075227976711445,1.2982476931481521,2.658719079707584,447406.5040765152,1.7561630906862615,0.45410227564329375,2.6641929729748313
216386.53004347824,2.0742676820490105,1.2947455363696456,2.658641394965898,448843.58609991416,1.7539682343883478,0.450087182308863,2.6636543936218686
217179.15469565216,2.0730924982303005,1.2920269762201075,2.6580940988505803,450232.4763715544,1.7517758648350437,0.44607221125454544,2.6631139836545117
217971.77934782606,2.0714617567165967,1.2885701290310703,2.6570507109284165,451520.2049624902,1.7495859963536264,0.442000562630426,2.662571744624813
218764.40399999998,2.0706516635676073,1.285320822009631,2.656004534640232,452984.8770719761,1.7473986429952013,0.437961204273023,2.6620276780889185
219557.0286521739,2.0694634263522174,1.2821754511583119,2.6549555795270963,454365.24079423974,1.7452138185386568,0.4339539747399215,2.66148178560843
220349.6533043478,2.0688470308001343,1.2790389549663956,2.653903855140379,455869.72597653896,1.7430315364942415,0.4299787114368314,2.660934068749384
221142.27795652172,2.068247151021639,1.27591134932739,2.6528493710415586,457376.88635401154,1.7408518101068737,0.4260352506692584,2.660384529082876
221934.90260869564,2.0669080640047044,1.272792649302676,2.6522302538010774,458719.03988601174,1.7386746523599754,0.42282494036604135,2.6598331681843206
222727.52726086954,2.0660855979065236,1.2696837614886372,2.6517222459224183,460174.13633101515,1.7365000759788887,0.4182430767641847,2.6581424629792423
223520.15191304346,2.0647283605185205,1.2665913780097409,2.6515515319835044,461508.3968022688,1.7343280934340743,0.41439403118809537,2.65668895828793
224312.77656521738,2.062947238415991,1.2635077969664934,2.6513992748843696,462745.4229566384,1.7321587169449713,0.41057612336746274,2.6552313525712634
225105.40121739128,2.061765710632301,1.2604330322762953,2.651284081331823,464114.597508144,1.729991958482891,0.40678918484906035,2.653769656137854
225898.0258695652,2.0603549631931193,1.2573670970580497,2.6511711331955774,465430.11877588637,1.727827829774556,0.402495564219322,2.6525730922890602
226690.65052173912,2.0602394654179608,1.254377784239233,2.651054249917369,467037.02464615763,1.7256663423053988,0.39824165330708183,2.652434485210847
227483.27517391302,2.0598962848496383,1.2514047543009437,2.6509369723382257,468591.95339617133,1.7235075073228336,0.3940290766024077,2.652295402348898
228275.89982608694,2.0596491352465787,1.2484401194571193,2.650819300611986,470168.25967443455,1.7213513358392198,0.38985751190230644,2.652155843803996
229068.52447826086,2.0582688658180905,1.2454838917208697,2.6507012348929484,471484.61207249353,1.7191978386352846,0.3807949372959456,2.64640017540529
229861.14913043476,2.0571667823021293,1.2427306747034963,2.650582775335874,472862.72053292644,1.7170470262631945,0.377323977761165,2.645882565693512
230653.77378260868,2.056231255135836,1.2394828844422066,2.6504639220959807,474277.49876683054,1.7148989090493796,0.37388099917208706,2.645850455600794
231446.39843478258,2.055257122135993,1.2364818111594464,2.6503446753289452,475681.8587758117,1.7127534970980431,0.3704658463182966,2.645818235496563
232239.0230869565,2.054332697677909,1.2334895952476561,2.6502250351909025,477096.2188043095,1.7106108002936429,0.37407219664876834,2.6525004698668226
233031.64773913042,2.053414375365829,1.2305062437807153,2.650105001838445,478510.5353827164,1.7084708283043812,0.3705855300224812,2.651923779790593
233824.27239130432,2.05272970081552,1.2275317631411093,2.6499845754286224,479978.0287092088,1.7063335905846928,0.36712793588588966,2.6513452926784566
234616.89704347824,2.0522319072796424,1.2241121308791896,2.6498637561189384,481488.28209956887,1.704199096378333,0.36369923889088795,2.651022263090624
235409.52169565216,2.051686871640251,1.2206973728000916,2.6497425440673514,482986.62512208044,1.7020673547212863,0.3602992633711324,2.650878427998407
236202.14634782606,2.0505501925095513,1.2172969834900527,2.6496209394322743,484344.3566647039,1.6999383744445913,0.3569278333778243,2.6507341182517052
236994.77099999998,2.0497878192284107,1.213910917397358,2.6493700352109975,485788.99481662654,1.6988745757424768,0.3552492327525662,2.6506618447278782
